date,total_balance_normal,unlocked_balance_normal,benchmark,total_balance_short_only,unlocked_balance_short_only,total_balance_long_only,unlocked_balance_long_only
2025-04-23T15:50:00.000+0000,1000000.0,1000000.0,1000000.0,1000000.0,1000000.0,1000000.0,1000000.0
2025-04-23T16:00:00.000+0000,955915.091638482,311717.4589000024,1001516.2002248014,934899.6906398402,106.9233999998563,1000000.0,1000000.0
2025-04-23T16:10:00.000+0000,869752.0536771298,6.827656162347466,1000512.0143377886,798592.08492925,106.9233999998563,999993.7966106399,995291.8245
2025-04-23T16:20:00.000+0000,807873.9570241409,22258.516048361722,997288.2417287568,701020.0784984763,3853.1221026799267,999997.974066,999997.974066
2025-04-23T16:30:00.000+0000,749194.2027568674,143.64409120921533,1002250.4189841889,596587.9336821112,821.4164610799132,999997.974066,999997.974066
2025-04-23T16:40:00.000+0000,777968.3067867032,51471.29938097685,1004663.0734828796,660986.6332196593,5924.198686903915,999997.974066,999997.974066
2025-04-23T16:50:00.000+0000,796191.1739999616,288397.3023245783,1004582.467907166,692828.2783755653,278256.70382044767,999997.974066,999997.974066
2025-04-23T17:00:00.000+0000,803430.9508832878,412012.0420859944,1005414.2775530443,706313.80793327,685057.9360734076,999997.974066,999997.974066
2025-04-23T17:10:00.000+0000,803238.5024313154,462453.2176873145,1007507.607085777,706366.4500208821,685469.3217014077,999997.974066,999997.974066
2025-04-23T17:20:00.000+0000,806007.0582453697,467268.3368778184,1005191.4092285088,703284.4208702805,685469.3217014077,999997.974066,999997.974066
2025-04-23T17:30:00.000+0000,809900.6523362016,13419.37671929798,1004242.327359138,704128.5284794751,45.784481408472466,999997.974066,999997.974066
2025-04-23T17:40:00.000+0000,811038.4528825735,1.0584476978447335,1004075.7656225921,704259.4017830064,197.31218219250746,999650.7428493599,548804.4541460006
2025-04-23T17:50:00.000+0000,805972.0347322014,13.198096145881777,1004185.4979481753,702189.5177106103,5339.936178640478,998569.747690913,549211.8319828007
2025-04-23T18:00:00.000+0000,801859.5956155625,13.198096145881777,1007035.6511978558,696701.4702545765,2501.869498640477,1004157.8382692076,550834.6307943289
2025-04-23T18:10:00.000+0000,797647.2841687578,1355.408598042021,1010173.7506136636,694867.817478275,5781.031628592477,1003904.7990926252,550834.6307943289
2025-04-23T18:20:00.000+0000,798981.2192562859,8129.448127562038,1008466.7805712454,697178.455105182,17322.892946832297,1000650.9174321053,552402.2260440649
2025-04-23T18:30:00.000+0000,801811.4368394287,12101.647903498004,1006824.9858865492,700316.977873704,27494.00538216027,1001607.097535577,552402.2260440649
2025-04-23T18:40:00.000+0000,805621.9169780889,49.419782634005855,1004546.1210440352,699627.4913794869,6214.022952160274,1001321.2291733694,552222.9438351127
2025-04-23T18:50:00.000+0000,806819.5092747866,3037.582038874044,1004451.2444226205,701250.2275741481,6214.022952160274,1001473.950179193,560422.3068129366
2025-04-23T19:00:00.000+0000,812465.4394103889,5595.637955674043,1001592.955533427,704161.1807900737,6214.022952160274,998176.5736224488,562305.6924181205
2025-04-23T19:10:00.000+0000,812055.6481618641,14079.625241746042,997899.359956796,704550.6525532022,27192.61993752027,997771.954926569,567770.1902897446
2025-04-23T19:20:00.000+0000,818018.8421671614,23564.5810365469,994369.5106425693,710076.4682812655,27192.61993752027,995152.3136668646,556171.6898784327
2025-04-23T19:30:00.000+0000,818128.5549397151,21028.849736130902,995532.8177795226,709640.4571114726,27192.61993752027,994450.1772314012,554597.4884835047
2025-04-23T19:40:00.000+0000,819548.7133333717,21028.849736130902,999028.0134024261,712754.7822705815,27192.61993752027,994942.2554336581,562350.8218906728
2025-04-23T19:50:00.000+0000,820768.8333758351,21102.310260658905,997513.1533602175,708923.7664680359,27192.61993752027,995297.4069849366,563210.1918842408
2025-04-23T20:00:00.000+0000,819232.1973708746,25997.97716140327,1000535.2985775345,707451.4014960822,27192.61993752027,996488.7289742884,569185.7595826566
2025-04-23T20:10:00.000+0000,820370.7599315615,25997.97716140327,1001357.5207141311,711652.0925676293,27192.61993752027,994029.403759689,570016.5206816646
2025-04-23T20:20:00.000+0000,820482.7279114618,25997.97716140327,1004304.2879525038,711007.261168772,27192.61993752027,994790.2294917855,570016.5206816646
2025-04-23T20:30:00.000+0000,821945.8318411799,25997.97716140327,1005225.9496338068,709718.5561422239,27192.61993752027,996542.187543192,576805.4920361607
2025-04-23T20:40:00.000+0000,822837.7440881021,31090.25937396326,1003880.0849621915,708759.0987346952,27192.61993752027,997412.0345284573,582171.7988235448
2025-04-23T20:50:00.000+0000,822687.7373156017,31090.25937396326,1003826.6983689484,706977.7618521695,27192.61993752027,997012.0887612414,585507.9710489047
2025-04-23T21:00:00.000+0000,819911.2178255876,31090.25937396326,1004900.4941281406,702680.9056343333,27192.61993752027,999173.2870183608,588809.4696553687
2025-04-23T21:10:00.000+0000,822346.0090890633,31090.25937396326,1005453.8105442724,708125.1026216671,27192.61993752027,997776.2259720328,590785.3422517207
2025-04-23T21:20:00.000+0000,820710.3982133933,37143.769708347245,1004687.0793966665,704989.5652149434,42620.773312896185,999442.6188004247,590785.3422517207
2025-04-23T21:30:00.000+0000,823872.845511968,37143.769708347245,1004448.7842928102,704508.2246686853,42620.773312896185,1000504.6171415353,595012.081123345
2025-04-23T21:40:00.000+0000,825955.8862591572,44471.24593402731,1002144.1191704964,706244.8192537067,42620.773312896185,999077.3752092413,595012.081123345
2025-04-23T21:50:00.000+0000,823564.7265624821,46406.83514289131,1001676.4333645676,705341.3554973912,47764.95303420811,998302.0572302241,595012.081123345
2025-04-23T22:00:00.000+0000,825613.9837181827,47083.51936209131,1001948.7842801497,708949.0126868904,47764.95303420811,997381.1446501443,595012.081123345
2025-04-23T22:10:00.000+0000,825454.0985647137,47083.51936209131,1001710.5730416591,708883.710001866,47764.95303420811,996389.2651490575,595012.081123345
2025-04-23T22:20:00.000+0000,825577.7908805289,50560.46469769112,1003398.0544888404,708028.9967798978,47764.95303420811,998177.6887946323,593686.781067537
2025-04-23T22:30:00.000+0000,823771.0906219508,50560.46469769112,1004751.7935519615,706769.8267054715,47764.95303420811,998851.5806647768,594970.7862409771
2025-04-23T22:40:00.000+0000,820353.5317460409,50635.317617411114,1006310.0324490397,704242.0705194786,47764.95303420811,999946.3708014409,597014.9878603449
2025-04-23T22:50:00.000+0000,819574.2633598805,67939.08512013154,1006920.3336502712,703798.4784003013,47764.95303420811,1001404.8624439444,598645.447508297
2025-04-23T23:00:00.000+0000,816622.3607447027,67939.08512013154,1007110.1755197672,701235.1904778993,11838.821254208113,1001501.9185768726,598645.447508297
2025-04-23T23:10:00.000+0000,816764.9752337653,71414.14708473954,1007015.5613536292,698919.379453025,11838.821254208113,1003217.9952663521,610216.9054402892
2025-04-23T23:20:00.000+0000,816625.7875810384,71414.14708473954,1006691.9567870798,699107.9569792172,11838.821254208113,1001749.7245633614,610216.9054402892
2025-04-23T23:30:00.000+0000,819512.9500917671,72773.6197558435,1005884.5585469989,702871.1359137074,51754.74888545603,1000867.7861589763,610216.9054402892
2025-04-23T23:40:00.000+0000,821287.3555228941,75514.41931068352,1003724.0554173916,704896.8348990341,54563.44742761607,998570.9078228256,610216.9054402892
2025-04-23T23:50:00.000+0000,821181.9531862737,91833.77499338744,1003290.4002995559,705456.6618289138,56641.33521647208,998312.2862557295,610216.9054402892
2025-04-24T00:00:00.000+0000,819251.7962281302,102329.19913162732,1003981.0494131609,704240.5847894575,56641.33521647208,998286.630246969,611025.8515152894
2025-04-24T00:10:00.000+0000,824220.8526102817,102329.19913162732,1002889.3030589919,708490.3124703094,56641.33521647208,996148.3140395539,612656.5229336893
2025-04-24T00:20:00.000+0000,825828.1282323047,102329.19913162732,1000241.4276456042,712443.1435566036,56641.33521647208,993597.2735059538,612656.5229336893
2025-04-24T00:30:00.000+0000,827324.1569311208,102329.19913162732,999633.4067760883,712221.3958937661,56641.33521647208,994659.5889731535,613154.7739837132
2025-04-24T00:40:00.000+0000,827501.9332941619,132951.38754700325,1001264.349151252,712813.4344007523,56641.33521647208,993014.8257472257,621414.3223047135
2025-04-24T00:50:00.000+0000,831007.4067600889,140014.29429772348,1000900.88900547,717112.7270558778,56641.33521647208,992804.5764813059,621414.3223047135
2025-04-24T01:00:00.000+0000,827173.3351371586,162221.41010284252,1000904.5214256976,711918.3008224356,36216.24521647208,993630.0869741619,621414.3223047135
2025-04-24T01:10:00.000+0000,827976.9245166426,162221.41010284252,997104.6293648626,712028.1268512675,36216.24521647208,994132.612961497,627222.3062174973
2025-04-24T01:20:00.000+0000,826573.7439935394,144367.77410284252,996930.7975263853,710247.1268230424,36216.24521647208,994763.1731955849,617898.8383397533
2025-04-24T01:30:00.000+0000,824206.9365694488,177905.7033579783,999613.6574023837,708066.9677747003,36216.24521647208,997900.0220972731,622579.6979639053
2025-04-24T01:40:00.000+0000,823308.2045527112,177905.7033579783,999624.314520973,707282.2828262598,36216.24521647208,997812.6286080403,625848.8079719929
2025-04-24T01:50:00.000+0000,821051.0657254988,179206.7638162663,1000908.6379288129,705184.453347528,36216.24521647208,998126.5413367932,626528.2533205209
2025-04-24T02:00:00.000+0000,821000.855010231,179206.7638162663,1001093.10648273,705485.1758549057,36216.24521647208,999362.8544544253,628049.5030463609
2025-04-24T02:10:00.000+0000,820268.6537582169,453.31283146604267,1002333.1017976139,704006.2575807907,36216.24521647208,998970.8915193931,6449.623046361423
2025-04-24T02:20:00.000+0000,818233.0628913397,453.31283146604267,1002583.4933464192,701197.4263898345,36216.24521647208,998605.9159935857,6449.623046361423
2025-04-24T02:30:00.000+0000,818827.8985298295,1159.2173756900747,1001001.3946335852,701790.6483742809,36216.24521647208,997966.5730374567,6449.623046361423
2025-04-24T02:40:00.000+0000,822917.4045336433,8071.120326170148,995237.4912248789,707480.6935805718,61783.33570804025,993071.7231625686,6449.623046361423
2025-04-24T02:50:00.000+0000,826004.8795800437,13433.896670169928,994944.4312240535,711810.681448866,61783.33570804025,991762.8097816501,6449.623046361423
2025-04-24T03:00:00.000+0000,825357.2501563975,37573.439973850145,994406.2332036814,710662.7127401212,61783.33570804025,991022.3355453213,3688.2759441213566
2025-04-24T03:10:00.000+0000,826298.254128498,143107.5579895292,996319.1263664822,711429.9593294185,61783.33570804025,992573.2315165781,6837.916214521357
2025-04-24T03:20:00.000+0000,825349.0174178651,144606.51987991316,997432.7449705336,709618.7606214804,61783.33570804025,992972.4061911615,8829.430347625379
2025-04-24T03:30:00.000+0000,825696.1736005619,139520.48547991316,993858.7500930217,710217.5501663124,61783.33570804025,988677.6324980087,8230.258425976988
2025-04-24T03:40:00.000+0000,829946.1344085737,144602.45105239318,991683.30879756,717921.3243486034,61783.33570804025,986709.9490550889,11350.888123416988
2025-04-24T03:50:00.000+0000,830908.7456010559,143435.5210523932,988745.2399569311,719785.3598282819,52504.47320804025,984466.5210244573,11350.888123416988
2025-04-24T04:00:00.000+0000,830470.1356984796,143435.5210523932,988042.8870642541,719231.564940678,52504.47320804025,983419.5677176882,11880.671707217063
2025-04-24T04:10:00.000+0000,829283.4744455535,143435.5210523932,986352.8274439394,717914.3152411518,52504.47320804025,982655.6242817526,13885.217416713078
2025-04-24T04:20:00.000+0000,829051.457893405,143435.5210523932,989373.8823871145,717099.7664459172,52504.47320804025,986335.3081777529,13885.217416713078
2025-04-24T04:30:00.000+0000,830233.7211115754,143435.5210523932,987700.5538708577,718839.51072017,52504.47320804025,983368.4611456817,18447.596441233036
2025-04-24T04:40:00.000+0000,829512.8915988859,143435.5210523932,987820.9945731547,718328.3808694357,52504.47320804025,984174.3423945061,18447.596441233036
2025-04-24T04:50:00.000+0000,829606.4607736142,143435.5210523932,989788.5766557596,717713.4999330236,52504.47320804025,985959.4466677043,23964.873165969024
2025-04-24T05:00:00.000+0000,829205.9368712766,143435.5210523932,992352.6856380554,716614.4364727556,52504.47320804025,987182.2162388489,23964.873165969024
2025-04-24T05:10:00.000+0000,828935.8637567536,143435.5210523932,991530.2722809103,716370.1380319846,52504.47320804025,987688.6870577934,24864.459730521063
2025-04-24T05:20:00.000+0000,828616.1551983771,143435.5210523932,988483.6844761886,716597.671632366,52504.47320804025,985801.2777741295,24864.459730521063
2025-04-24T05:30:00.000+0000,827116.0866580219,143435.5210523932,989887.0352577297,714088.3738857998,52504.47320804025,987339.4544175938,25251.10816412115
2025-04-24T05:40:00.000+0000,827397.753406213,143435.5210523932,990906.5849787106,714272.9593472009,52504.47320804025,987859.2896464501,28373.9558157774
2025-04-24T05:50:00.000+0000,826715.3773558222,131716.93305239323,989684.0305951019,713499.266252237,52504.47320804025,987405.5789377288,21183.6278157774
2025-04-24T06:00:00.000+0000,826326.9021967722,41.49365239322443,990203.6522760957,713184.9530341332,52.54080804023005,987565.8605497777,22320.530065777675
2025-04-24T06:10:00.000+0000,826593.4256260451,41.49365239322443,987654.6840438881,713961.5857834569,52.54080804023005,985396.0282754006,23167.366744025574
2025-04-24T06:20:00.000+0000,827580.4496146531,41.49365239322443,988833.867684457,712860.6012572724,52.54080804023005,985982.2936875605,23167.366744025574
2025-04-24T06:30:00.000+0000,828605.3000159017,41.49365239322443,990981.1512922365,715017.5931661652,52.54080804023005,985820.1437813477,25663.15015871376
2025-04-24T06:40:00.000+0000,828607.0500227753,41.49365239322443,990163.4444886993,715682.3287759059,52.54080804023005,985636.8690485228,25663.15015871376
2025-04-24T06:50:00.000+0000,830997.1855614327,41.49365239322443,988113.8356946339,717360.7612268886,52.54080804023005,983780.4986838415,25663.15015871376
2025-04-24T07:00:00.000+0000,832709.5594215482,41.49365239322443,988077.1629573308,719099.5475471179,52.54080804023005,983414.2548335049,25663.15015871376
2025-04-24T07:10:00.000+0000,831891.821367763,41.49365239322443,990290.0449023645,717000.3793951822,52.54080804023005,985706.8932642982,25663.15015871376
2025-04-24T07:20:00.000+0000,834168.2266015101,41.49365239322443,986047.167324074,719981.7148712194,52.54080804023005,983445.2936525699,27439.160892570097
2025-04-24T07:30:00.000+0000,835651.7051704681,41.49365239322443,985071.7432148184,720543.0845589051,52.54080804023005,982095.5546083306,27439.160892570097
2025-04-24T07:40:00.000+0000,840642.2639829038,0.7890523932244335,983332.3431901888,725065.6447090288,52.54080804023005,980076.7486703455,547.7464925701056
2025-04-24T07:50:00.000+0000,841059.1559545505,2568.257433193207,982715.875599748,727884.7032835273,52.54080804023005,979262.3909281481,3516.002526538321
2025-04-24T08:00:00.000+0000,839847.4513148488,1182.2177451932057,982394.8152489141,725739.8966196342,52.54080804023005,979430.1966261072,4614.653651938292
2025-04-24T08:10:00.000+0000,841768.0913306413,1182.2177451932057,980621.7974496256,727974.7213733975,52.54080804023005,978331.6849390662,5400.811472138272
2025-04-24T08:20:00.000+0000,842917.4442241522,490.97876487316694,977451.2168587565,729436.595432802,52.54080804023005,975239.1002033157,4555.39607157828
2025-04-24T08:30:00.000+0000,845438.8109195774,690.1872704731593,974568.1530970945,732930.7422233252,52.54080804023005,974093.9450509216,5246.4653934823355
2025-04-24T08:40:00.000+0000,849741.5703203976,23.059290473159248,973457.3049730409,735682.7210487892,10.026348040230047,972523.9859537785,10441.927516026517
2025-04-24T08:50:00.000+0000,847907.5030769354,23.059290473159248,974828.5130685556,733577.6341706258,10.026348040230047,973311.3941928425,10609.000950266593
2025-04-24T09:00:00.000+0000,843283.631837574,15226.916996049127,977530.9572046562,728043.4911527276,51.04425744023005,976812.4242063793,10774.75973706659
2025-04-24T09:10:00.000+0000,844288.4343939414,15853.986139089127,979556.3605159151,728493.2857219735,51.04425744023005,979588.7802932195,18731.661629058315
2025-04-24T09:20:00.000+0000,843238.1697909248,5571.011847489102,981111.1232694937,727094.2860328009,51.04425744023005,980199.0428522892,14369.217478570437
2025-04-24T09:30:00.000+0000,839853.1407203341,12067.202733889124,979982.6010326375,721646.0354679252,51.04425744023005,981240.2581631218,20392.529011338316
2025-04-24T09:40:00.000+0000,838373.1494772809,26629.406943249156,980038.7923710645,720778.2196824005,51.04425744023005,984181.5726675713,34729.58240556218
2025-04-24T09:50:00.000+0000,838314.2641232812,28686.998552049125,979281.8968310714,720354.7925303326,51.04425744023005,983839.47591409,37653.34422340219
2025-04-24T10:00:00.000+0000,838484.0929074776,28686.998552049125,980812.4447450156,720349.5661517825,51.04425744023005,983641.1887008674,38451.24765958612
2025-04-24T10:10:00.000+0000,836539.5662303115,30975.692730769126,980922.2728038281,722545.2865300939,51.04425744023005,983304.1165145135,39852.66922470612
2025-04-24T10:20:00.000+0000,837919.8207066609,30975.692730769126,982817.2435442245,723160.3874623682,51.04425744023005,983216.6149518103,39852.66922470612
2025-04-24T10:30:00.000+0000,839181.8181903483,30975.692730769126,981460.6394571954,726185.157766722,51.04425744023005,980984.9470955064,39852.66922470612
2025-04-24T10:40:00.000+0000,838681.6322954394,30975.692730769126,982658.1286609406,724806.6500858181,51.04425744023005,981712.6929926575,39852.66922470612
2025-04-24T10:50:00.000+0000,838362.0734951606,30975.692730769126,982325.7129086213,723808.1915281888,51.04425744023005,983093.6577862983,39852.66922470612
2025-04-24T11:00:00.000+0000,838165.3404456114,30975.692730769126,981443.6045409736,724031.6067309263,51.04425744023005,981237.762531227,42692.46910587446
2025-04-24T11:10:00.000+0000,837579.9959281448,25765.916730769128,980668.4495866282,726754.7698941769,51.04425744023005,979558.6834000025,43464.64482071451
2025-04-24T11:20:00.000+0000,839211.5532422399,2.469870769136606,980903.5324152103,726100.3629084858,11.70895744023005,978849.5004705854,43469.83406599452
2025-04-24T11:30:00.000+0000,840135.0943857852,567.4838976491367,980733.0301829703,726558.0066923328,11.70895744023005,979194.5622401544,45333.7024574506
2025-04-24T11:40:00.000+0000,841415.4665383117,133.8708141931105,980888.8086204045,729260.0200409805,11.70895744023005,979075.6411731783,41108.11056689069
2025-04-24T11:50:00.000+0000,841558.8351855637,137.19515259311072,984252.8137359563,728723.2146381332,38.303664640230046,980300.1563361147,41108.11056689069
2025-04-24T12:00:00.000+0000,843572.2488070504,535.1769122731107,983523.3231279101,729769.1716965375,38.303664640230046,978268.7202161702,41351.835830570686
2025-04-24T12:10:00.000+0000,843578.9594002782,535.1769122731107,983310.2297929456,728335.707241254,38.303664640230046,979016.671835804,41351.835830570686
2025-04-24T12:20:00.000+0000,843262.3668091322,858.241253873111,986220.1414438917,727054.6839254175,38.303664640230046,979724.1205936666,46094.093976578944
2025-04-24T12:30:00.000+0000,845739.0388831338,858.241253873111,986201.5546990982,730382.2338311558,38.303664640230046,979047.5922496661,48831.37587779498
2025-04-24T12:40:00.000+0000,846785.0514675451,770.3971638731109,986756.9731774873,730223.7668612323,38.303664640230046,980234.3347071379,47219.405897826866
2025-04-24T12:50:00.000+0000,846425.2063761044,770.3971638731109,987153.0740887721,729028.7995834457,38.303664640230046,980693.2031484751,48153.380479938925
2025-04-24T13:00:00.000+0000,843727.5725350444,845.653550561136,987676.3392236303,728852.9943442427,51.74680152023004,981669.1290126914,54648.86255384317
2025-04-24T13:10:00.000+0000,840769.8153192968,6538.901705441135,988042.014627377,725329.7118199687,52.641085520210005,982681.5038643702,55030.031594467226
2025-04-24T13:20:00.000+0000,840230.5336520474,3935.387222441136,988835.7695634204,725348.7649232822,52.641085520210005,983406.2517318679,57713.09474541106
2025-04-24T13:30:00.000+0000,841273.4082312407,3883.3837424411363,990629.5709784443,724186.6614144305,52.641085520210005,984458.3365001795,57713.09474541106
2025-04-24T13:40:00.000+0000,842214.6309151354,3883.3837424411363,986630.4100191789,725901.0960286227,52.641085520210005,982329.7865435076,60338.53179414695
2025-04-24T13:50:00.000+0000,844208.3839127144,3883.3837424411363,985521.8930089199,726922.256177438,52.641085520210005,982068.4012091961,102317.54250749893
2025-04-24T14:00:00.000+0000,838820.3518444702,3883.3837424411363,989943.039665542,719977.5278842573,52.641085520210005,985230.0734163384,102317.54250749893
2025-04-24T14:10:00.000+0000,840385.1067143299,4625.417380249197,992255.5521395165,719708.5695941601,52.641085520210005,983871.9840576982,109497.38029849088
2025-04-24T14:20:00.000+0000,839637.5719219684,6097.1530390572225,988640.1056311846,722667.8830269368,52.641085520210005,984018.1046276514,118976.25203976309
2025-04-24T14:30:00.000+0000,839028.3222969009,13051.958739857255,991073.8634526258,719514.4315269616,52.641085520210005,986859.4692160506,130328.38266408327
2025-04-24T14:40:00.000+0000,834839.3575650377,10.566740897254176,993289.2436232329,716421.2088313658,52.641085520210005,988395.0977896028,134436.3063139869
2025-04-24T14:50:00.000+0000,833977.5350780352,12843.641441393294,994062.9311154609,715869.7196349584,52.641085520210005,989066.6472199226,191550.18574829106
2025-04-24T15:00:00.000+0000,835961.5929679088,16527.86911945731,993414.2212006438,715916.2818923291,52.641085520210005,988468.921823091,315999.7386944509
2025-04-24T15:10:00.000+0000,832107.728782411,163.612857681313,997897.7966767235,713399.6405283605,52.641085520210005,992001.4598860346,231986.94622569083
2025-04-24T15:20:00.000+0000,838790.0392489342,4241.202154497092,995799.4686798076,718811.8398353335,5245.61402100837,991512.9592094675,231986.94622569083
2025-04-24T15:30:00.000+0000,835733.1081001887,86.08516582501375,994519.352124969,716120.9800210877,453.15902100837025,991199.1559130996,320988.6543524912
2025-04-24T15:40:00.000+0000,832693.157801554,3100.941869409012,995644.0112373808,713999.0544086971,453.15902100837025,993340.7773142429,322982.49893973896
2025-04-24T15:50:00.000+0000,834358.3434184878,6195.144395513022,994005.5708748734,714842.7061089677,453.15902100837025,993249.5174206104,322982.49893973896
2025-04-24T16:00:00.000+0000,834765.948770131,6195.144395513022,994182.9192492887,715328.4041024772,453.15902100837025,993000.0462873064,322982.49893973896
2025-04-24T16:10:00.000+0000,834937.0928722294,10125.384316208942,995460.9375566726,714475.9980812707,453.15902100837025,994149.5247682671,326204.586725723
2025-04-24T16:20:00.000+0000,831266.5279042461,10125.384316208942,997129.0595298114,712847.3551757616,453.15902100837025,993898.1976409471,326204.586725723
2025-04-24T16:30:00.000+0000,807204.5258482761,8461.052316208941,999731.7997865302,701174.9598313508,453.15902100837025,994662.2666863152,325187.401405723
2025-04-24T16:40:00.000+0000,809944.9742992246,37546.12897552905,1000436.1939239231,702260.509531283,17320.772816056382,994519.584183931,326217.584079739
2025-04-24T16:50:00.000+0000,809401.2818114264,66233.8806493287,999525.7609689997,700688.2683802434,36226.42435552029,994554.6841814512,319337.80194973893
2025-04-24T17:00:00.000+0000,810755.3215093893,104413.31529418155,997422.9201500604,701754.3254717477,70401.7825951876,992687.5080160422,335586.1226159549
2025-04-24T17:10:00.000+0000,814799.03316102,105804.95375546945,992087.0207598459,705310.6046605556,70510.43385458755,989436.3243853711,333777.8630159549
2025-04-24T17:20:00.000+0000,812186.8628118455,105804.95375546945,989717.8486313616,706893.8951140755,75924.40210227555,988383.3912304186,333777.8630159549
2025-04-24T17:30:00.000+0000,811300.563269316,106992.92844295743,992729.4144344772,704551.3400585552,75924.40210227555,990298.9962187466,338658.46003225923
2025-04-24T17:40:00.000+0000,814010.2224683863,107018.12968582143,988960.3462319893,707106.7760729556,75924.40210227555,988488.1838085225,341633.70137279487
2025-04-24T17:50:00.000+0000,813148.3343589242,109440.03906705343,988639.2383444262,704680.1907454755,75924.40210227555,988675.852833099,343150.4728241229
2025-04-24T18:00:00.000+0000,812039.7881149567,109440.03906705343,995317.6628298305,702594.037654156,75924.40210227555,991273.669585763,345618.354857787
2025-04-24T18:10:00.000+0000,811619.0621612001,109440.03906705343,996472.3255933793,701451.4327199552,75924.40210227555,992742.4175666275,348428.1521502434
2025-04-24T18:20:00.000+0000,810109.6606362094,109440.03906705343,996277.5590431925,697897.2198167954,75924.40210227555,993733.6447899552,348829.40334228345
2025-04-24T18:30:00.000+0000,805984.6927056481,109440.03906705343,998172.2929617153,694458.0992760278,75924.40210227555,994447.8848204515,348829.40334228345
2025-04-24T18:40:00.000+0000,802091.8441938746,113711.51254234121,998958.4847652108,689206.0169159399,88895.10859917966,995664.3198632754,348829.40334228345
2025-04-24T18:50:00.000+0000,799950.599702961,115156.68001271722,999419.3205080689,685902.4727872041,94021.60889535563,998528.1736559076,348829.40334228345
2025-04-24T19:00:00.000+0000,800347.8115660516,124975.47278943744,997871.7090472355,686179.4185931716,119227.26017979567,996859.2741744439,348829.40334228345
2025-04-24T19:10:00.000+0000,803394.9054572367,142447.82672502883,996605.2141083827,689894.893393524,155044.91459461197,996569.5057447877,348829.40334228345
2025-04-24T19:20:00.000+0000,801691.9945107298,148588.14138035712,997743.3430999003,688286.4066831484,180097.9107309481,998969.957056219,348829.40334228345
2025-04-24T19:30:00.000+0000,799330.5416115879,152408.50143532493,999406.0954661698,685686.8139623965,190233.50744160404,1000141.6679370194,348829.40334228345
2025-04-24T19:40:00.000+0000,794236.1034441736,152408.50143532493,998730.7872534832,679879.576871676,190233.50744160404,1001438.4251506599,348829.40334228345
2025-04-24T19:50:00.000+0000,793712.7844975227,154481.93234254073,999589.6859579601,679595.3157226682,195419.78766554804,1003095.2127993475,364718.94053508353
2025-04-24T20:00:00.000+0000,794832.7598798596,167763.6461543884,998970.7225100752,681009.7083726124,229365.5652807642,1002650.7288711881,364718.94053508353
2025-04-24T20:10:00.000+0000,795819.8334307852,172115.47288560486,999743.829386598,681783.9126533,239519.3759785642,1001852.4765543316,364718.94053508353
2025-04-24T20:20:00.000+0000,797014.4801142536,179241.4429253013,999262.1294732633,684126.3960062282,244510.67136526818,1000762.6564484595,364718.94053508353
2025-04-24T20:30:00.000+0000,798661.1133219991,191250.89199384607,998898.101366543,685729.6463190763,264736.32904434024,999443.6282658589,364718.94053508353
2025-04-24T20:40:00.000+0000,797581.8540307111,197850.21966475816,998816.7298696431,683866.1400776684,274362.6475837322,999753.8061149076,364718.94053508353
2025-04-24T20:50:00.000+0000,796168.2411764311,197850.21966475816,998871.3361313513,682488.4095445483,274362.6475837322,1001830.8492100595,364718.94053508353
2025-04-24T21:00:00.000+0000,795718.0379803488,200456.71136191025,998538.2965950782,682655.1942699405,274362.6475837322,1002118.1853171312,364718.94053508353
2025-04-24T21:10:00.000+0000,796991.1422934596,202701.52880012637,998327.8441735073,684816.5778886523,279491.8401343802,1001455.7164865155,364718.94053508353
2025-04-24T21:20:00.000+0000,797423.7465369758,211254.4624349587,992552.8266535836,685368.8808425324,299667.6187686363,996253.7238325798,364718.94053508353
2025-04-24T21:30:00.000+0000,800800.6453599734,236447.06951312008,993818.0161853868,688765.4134609164,309792.4041053163,996768.1900001237,364718.94053508353
2025-04-24T21:40:00.000+0000,801033.425471786,239353.06927198425,995247.0925829245,689924.5336923006,309792.4041053163,997432.5311316998,364718.94053508353
2025-04-24T21:50:00.000+0000,799970.0475832034,239353.06927198425,996397.9143304474,688555.9897340364,309792.4041053163,997857.8642128035,364718.94053508353
2025-04-24T22:00:00.000+0000,798966.1645905977,239353.06927198425,995948.3766847467,687928.2711909325,309792.4041053163,997800.9708239555,364718.94053508353
2025-04-24T22:10:00.000+0000,799024.6952865506,240111.10384879235,998136.6048105842,687441.8128391964,309792.4041053163,999517.5074352036,364718.94053508353
2025-04-24T22:20:00.000+0000,798101.0990191395,240111.10384879235,998007.3631503868,686972.5688149725,309792.4041053163,1000175.4179453955,364718.94053508353
2025-04-24T22:30:00.000+0000,798148.3622402899,240111.10384879235,999132.9326643025,686494.7888849404,309792.4041053163,1000580.2527182756,364718.94053508353
2025-04-24T22:40:00.000+0000,799635.9686313467,240111.10384879235,996717.9571766837,687935.05100274,309792.4041053163,998252.6550472671,364718.94053508353
2025-04-24T22:50:00.000+0000,800370.012978703,249447.7049776795,995914.7144380722,688757.2042335564,330210.0598829323,997940.6367417637,364718.94053508353
2025-04-24T23:00:00.000+0000,799357.8127791903,250226.50304039952,996580.6374114365,688117.9299824204,330210.0598829323,998724.4323932108,364718.94053508353
2025-04-24T23:10:00.000+0000,798586.800354972,250226.50304039952,999116.1889116573,687325.9298498124,330210.0598829323,999846.4358917556,364718.94053508353
2025-04-24T23:20:00.000+0000,798256.6631551894,250226.50304039952,999005.568296078,686325.9935992843,330210.0598829323,1000295.0147613398,364718.94053508353
2025-04-24T23:30:00.000+0000,796908.7781362853,234095.58029039952,1002888.3740607823,684372.4533027884,201792.1231329323,1001620.9731653233,364718.94053508353
2025-04-24T23:40:00.000+0000,794845.8090029492,234095.58029039952,1003575.4227542193,682909.3599719001,201792.1231329323,1003708.7778942758,364718.94053508353
2025-04-24T23:50:00.000+0000,795227.6860007542,242220.82604947157,1003069.7961715664,683459.2263665881,266473.31613942026,1003308.1279508509,364718.94053508353
2025-04-25T00:00:00.000+0000,792326.0914449057,245352.57856153554,1002423.5814701979,681484.8217748925,266473.31613942026,1003667.3881026197,364718.94053508353
2025-04-25T00:10:00.000+0000,793792.9033168972,245352.57856153554,1001301.8863791372,682949.3317588684,266473.31613942026,1003798.7007284114,364718.94053508353
2025-04-25T00:20:00.000+0000,790441.5907055433,246976.5508335435,1002956.3172099204,681577.4028107643,271095.0010812202,1004410.8747470917,364718.94053508353
2025-04-25T00:30:00.000+0000,791835.8532294822,246976.5508335435,1002966.0396901893,680721.589119876,271095.0010812202,1003662.9118464913,364718.94053508353
2025-04-25T00:40:00.000+0000,792550.5572494894,431661.6855326637,1004064.688510638,680882.0800543323,277441.86206718814,1004461.9223163399,744245.172758044
2025-04-25T00:50:00.000+0000,792086.8865250561,437659.8203229518,1003651.1974659321,680305.2249179243,282386.43663047615,1005071.1287609797,744245.172758044
2025-04-25T01:00:00.000+0000,791024.7561736447,437659.8203229518,1004488.4329397808,678392.6220852362,282386.43663047615,1005242.7174900917,744245.172758044
2025-04-25T01:10:00.000+0000,790615.6799256617,422900.67356583185,1006190.5014059253,677971.7897905161,101476.48233887611,1004746.4786390198,744245.172758044
2025-04-25T01:20:00.000+0000,792174.1748575384,424009.8114650957,1003183.4485120611,681993.426095564,101476.48233887611,1004835.4329985562,744245.172758044
2025-04-25T01:30:00.000+0000,793531.3094156308,434935.2574804001,1002327.0695563483,683523.6504559483,145516.0714796602,1004420.8914872834,745686.7962358838
2025-04-25T01:40:00.000+0000,793759.1274952465,447998.0730130784,1003612.9329994393,683701.5443768682,194531.52562134012,1004193.7509951638,745686.7962358838
2025-04-25T01:50:00.000+0000,794567.6112603903,447998.0730130784,1002499.8591028233,684863.5259173721,194531.52562134012,1003829.6838620597,745686.7962358838
2025-04-25T02:00:00.000+0000,794489.4775174303,450758.2478053185,1001879.1408251829,684981.0311479239,199538.7160218522,1003416.9069679641,745686.7962358838
2025-04-25T02:10:00.000+0000,793932.3771545504,460903.81585251837,999865.8732093158,684749.845314668,245786.54613545196,1002050.847110828,745686.7962358838
2025-04-25T02:20:00.000+0000,795067.0689143585,466754.6495580221,997472.7881872356,687333.0533436678,260911.0187499478,1001993.5746554753,745686.7962358838
2025-04-25T02:30:00.000+0000,795605.2521230774,469906.7657461021,996005.654568827,689104.6192062679,260911.0187499478,1001358.4664788117,745686.7962358838
2025-04-25T02:40:00.000+0000,797013.3530804057,481667.0595384533,995779.8948863917,691057.898162004,260911.0187499478,1001140.749761636,745686.7962358838
2025-04-25T02:50:00.000+0000,796980.2819584854,483835.07589672547,991286.6287652418,692449.2267479717,220432.6160499478,999144.6138788918,745686.7962358838
2025-04-25T03:00:00.000+0000,796980.8334701731,492122.09006070957,991452.0021924764,693964.334492252,251293.5035731478,998652.4237162754,745686.7962358838
2025-04-25T03:10:00.000+0000,797356.9974680368,499177.6656510531,994402.6966707739,693812.6415737479,252349.80985154782,998997.5368347316,745686.7962358838
2025-04-25T03:20:00.000+0000,796875.924654421,499900.24396558106,993922.8164960842,693503.9676406038,252349.80985154782,998666.018291908,745686.7962358838
2025-04-25T03:30:00.000+0000,797599.3995910772,499900.24396558106,994740.3736135066,693759.67858806,252349.80985154782,998668.5744953074,745686.7962358838
2025-04-25T03:40:00.000+0000,796453.1186300531,499900.24396558106,997930.6787065367,691936.4738096679,252349.80985154782,999557.7200793315,745686.7962358838
2025-04-25T03:50:00.000+0000,794789.695613909,499900.24396558106,998040.9702087729,691075.0005800358,252349.80985154782,1000479.8487457639,745686.7962358838
2025-04-25T04:00:00.000+0000,790586.8266810449,499900.24396558106,997710.4782177038,688786.1647647158,252349.80985154782,1000608.49697478,745686.7962358838
2025-04-25T04:10:00.000+0000,790290.972034261,499900.24396558106,999811.193506522,688044.9804369159,252349.80985154782,1001426.0697429001,745686.7962358838
2025-04-25T04:20:00.000+0000,791311.6427739172,501057.6294159011,998759.4229506309,689082.7096988277,261587.9563172278,1000913.5374170444,745686.7962358838
2025-04-25T04:30:00.000+0000,792394.0492854126,502529.8716391329,997031.6421369438,690819.8276518197,261587.9563172278,1000083.8264772358,745686.7962358838
2025-04-25T04:40:00.000+0000,791048.9214192765,507614.2743303565,998458.3695347526,689970.9436627318,266737.58566534764,1001077.8893202519,745686.7962358838
2025-04-25T04:50:00.000+0000,790311.0944034765,507614.2743303565,996695.7012639011,690736.2936625157,266737.58566534764,999959.2383775156,745686.7962358838
2025-04-25T05:00:00.000+0000,790666.0286787162,509878.7050953484,996724.0385344034,690661.0679412758,266737.58566534764,999639.0659805083,745686.7962358838
2025-04-25T05:10:00.000+0000,790759.3652296921,513592.94761231606,998920.5815652104,689756.6154525796,266737.58566534764,1000828.6163283072,745686.7962358838
2025-04-25T05:20:00.000+0000,790745.6459139321,513592.94761231606,999531.6789016966,689291.0494535796,266737.58566534764,1001100.1044838919,745686.7962358838
2025-04-25T05:30:00.000+0000,790906.9333406837,513592.94761231606,998849.5016326492,689466.5797968757,266737.58566534764,1000076.9132122757,745686.7962358838
2025-04-25T05:40:00.000+0000,790096.3066412602,517252.60042601207,998284.8076193857,688555.8927098515,266737.58566534764,1001010.6214876043,745686.7962358838
2025-04-25T05:50:00.000+0000,790217.309101788,517252.60042601207,999538.23365016,688738.8263957317,266737.58566534764,1000974.2083114681,745686.7962358838
2025-04-25T06:00:00.000+0000,790553.4645421242,526077.1119645721,999919.6865978078,688447.6064991239,314092.21810910763,1001202.5935270118,745686.7962358838
2025-04-25T06:10:00.000+0000,791289.648583356,513106.199784156,1001271.4325004413,688899.3720573157,314092.21810910763,1000459.7513983959,730772.4271358837
2025-04-25T06:20:00.000+0000,792408.6702111172,517726.89808590023,1000522.5644451901,688761.6857245717,340186.4444043956,999870.077095532,730772.4271358837
2025-04-25T06:30:00.000+0000,791998.717276045,526787.3601129411,1004401.585268973,686855.3003039716,341284.59585985163,1001295.2997645234,730772.4271358837
2025-04-25T06:40:00.000+0000,791557.0334759892,529461.2957317571,1004246.405336268,686213.4063302915,350676.8834638916,1001932.3730678273,732454.3269387636
2025-04-25T06:50:00.000+0000,790942.5420727012,529461.2957317571,1006071.8475619036,685180.0651151316,350676.8834638916,1002639.1521518595,732454.3269387636
2025-04-25T07:00:00.000+0000,790387.552230053,529461.2957317571,1007384.3667500991,684703.1952164917,350676.8834638916,1002632.2614788121,732454.3269387636
2025-04-25T07:10:00.000+0000,790171.3707736849,529461.2957317571,1006155.0023784944,684598.4972918917,350676.8834638916,1001828.8821968118,732454.3269387636
2025-04-25T07:20:00.000+0000,791966.5685656054,532481.5586269251,1003958.8864436103,686875.3645697078,355724.59622056363,1001105.3073601392,732454.3269387636
2025-04-25T07:30:00.000+0000,790865.9225274131,537586.8466764849,1005174.6011664747,685796.8029098677,377657.50267709966,1001867.5747280034,732454.3269387636
2025-04-25T07:40:00.000+0000,790393.684080645,537586.8466764849,1005891.5851078099,685580.4095831318,377657.50267709966,1002196.8921731157,732454.3269387636
2025-04-25T07:50:00.000+0000,790292.8053082771,537586.8466764849,1006611.4015035401,684004.7556654918,377657.50267709966,1002472.7209833956,732454.3269387636
2025-04-25T08:00:00.000+0000,789095.2563245089,542113.728821245,1008983.3989170855,683146.3808151718,387758.12061317975,1003892.5447849398,732454.3269387636
2025-04-25T08:10:00.000+0000,786659.0530775249,542113.728821245,1008311.0504098589,680865.3703645477,387758.12061317975,1004907.2354524834,732454.3269387636
2025-04-25T08:20:00.000+0000,786802.8833311971,542333.1283610851,1009245.4193163852,680872.8420723958,387758.12061317975,1006168.9221849721,732454.3269387636
2025-04-25T08:30:00.000+0000,786827.650491605,542333.1283610851,1008482.4887954565,680748.8781429399,387758.12061317975,1005217.5847342755,732454.3269387636
2025-04-25T08:40:00.000+0000,787757.1815713651,545684.731381925,1008704.658889685,678445.4216235478,397650.3450775158,1004407.1422073958,732454.3269387636
2025-04-25T08:50:00.000+0000,788142.2115907329,549038.369463413,1008374.2343374058,677378.2701582438,402617.7068964038,1004306.8397236274,732454.3269387636
2025-04-25T09:00:00.000+0000,788227.023426941,551718.9906494928,1005589.485621941,675219.927364924,402617.7068964038,1005469.0465837318,732454.3269387636
2025-04-25T09:10:00.000+0000,787849.686658045,551718.9906494928,1004627.1513219124,675950.8837216519,402617.7068964038,1005371.9276410915,732454.3269387636
2025-04-25T09:20:00.000+0000,787893.7266378528,554069.0206202929,1006202.4168647011,675918.9023971958,402617.7068964038,1004705.1895985795,732454.3269387636
2025-04-25T09:30:00.000+0000,788683.3381029249,555078.0109117889,1007219.7340239208,676268.6454787159,402617.7068964038,1004094.0105832595,732454.3269387636
2025-04-25T09:40:00.000+0000,789682.3068680607,567026.5936124128,1006794.1498699335,676691.7222263318,407625.8571684038,1003359.8439867797,732454.3269387636
2025-04-25T09:50:00.000+0000,789891.8962223328,572678.8074410367,1008555.2809747519,676149.9155786838,412278.4393726038,1004677.1798643076,732454.3269387636
2025-04-25T10:00:00.000+0000,790482.6186060607,572678.8074410367,1008802.299994981,676842.6301233558,412278.4393726038,1003967.9336355715,732454.3269387636
2025-04-25T10:10:00.000+0000,790939.1338614528,572678.8074410367,1009020.750234724,677190.1042215159,412278.4393726038,1003576.4343757394,732454.3269387636
2025-04-25T10:20:00.000+0000,791279.3860517648,575903.0175777808,1009085.5334403433,678152.0777065718,417301.7343591318,1003180.9659238037,732454.3269387636
2025-04-25T10:30:00.000+0000,790917.0519411328,579669.8047853407,1005318.5629557616,678154.2690920598,427021.6815756117,1002870.8234864043,732454.3269387636
2025-04-25T10:40:00.000+0000,791074.4322860527,580622.9958619487,1004766.1592808028,678263.7657046356,427021.6815756117,1002936.1019718035,732454.3269387636
2025-04-25T10:50:00.000+0000,790403.7555170447,576208.5804760127,1004560.8903610322,676975.8555462355,386886.91842149955,1003165.6032238038,732454.3269387636
2025-04-25T11:00:00.000+0000,790090.9102379166,581252.5746499327,1005982.2171101819,674651.7701231797,427154.15414125955,1003838.3394439314,732454.3269387636
2025-04-25T11:10:00.000+0000,789299.4599151087,581252.5746499327,1008311.7324876334,673805.5751211797,427154.15414125955,1004947.0271936038,732454.3269387636
2025-04-25T11:20:00.000+0000,787834.3824754605,581252.5746499327,1009805.44359926,672543.3365005555,427154.15414125955,1004574.1934693878,732454.3269387636
2025-04-25T11:30:00.000+0000,786470.8728065406,582278.2209959166,1009765.3931118088,671578.5467303316,427154.15414125955,1005378.946061859,732454.3269387636
2025-04-25T11:40:00.000+0000,787107.3180027327,583348.5913340605,1011262.2703310212,671498.4810541555,427154.15414125955,1005474.742903027,732454.3269387636
2025-04-25T11:50:00.000+0000,786837.4681954205,584430.0612654205,1012268.2888078562,671033.1199411156,427154.15414125955,1006249.2833545636,732454.3269387636
2025-04-25T12:00:00.000+0000,786973.7943571726,584430.0612654205,1013890.2026013914,669822.2178383957,427154.15414125955,1006286.7831906757,732454.3269387636
2025-04-25T12:10:00.000+0000,784949.6364499965,584430.0612654205,1015236.4971636047,667391.2861607797,427154.15414125955,1007104.4162205483,732454.3269387636
2025-04-25T12:20:00.000+0000,785643.5943691725,585526.6576859005,1013621.7620484834,670634.9292986761,431948.0563489396,1006171.6700049555,732454.3269387636
2025-04-25T12:30:00.000+0000,786512.3506077323,598684.2857857965,1012892.2844314319,672145.6289113638,451620.2538706357,1005894.1995290595,732454.3269387636
2025-04-25T12:40:00.000+0000,787006.7173177165,605423.1034153964,1013456.870578828,672542.3223225478,456594.5130072517,1005317.9166644678,732454.3269387636
2025-04-25T12:50:00.000+0000,787421.2979976286,610353.1516890205,1009023.2213004327,674117.4884107637,466595.4952457076,1003510.880800588,732454.3269387636
2025-04-25T13:00:00.000+0000,787467.1218691806,621517.2065344284,1008117.2217736507,675570.8035877558,482244.01552641176,1003010.3090486117,732454.3269387636
2025-04-25T13:10:00.000+0000,788178.0982127165,624580.6931029725,1007288.9206075596,675619.849919276,482244.01552641176,1001908.5665882595,732454.3269387636
2025-04-25T13:20:00.000+0000,788296.1732670447,636998.5054693167,1005784.7583034243,675311.6259159,487132.3625577399,1001827.9724352035,732454.3269387636
2025-04-25T13:30:00.000+0000,789149.8372390848,640614.0682233007,1003408.7667775275,675199.3597207635,492216.70176978764,1001299.1828655557,732454.3269387636
2025-04-25T13:40:00.000+0000,788986.9224352767,647302.2741946448,1008172.1503248636,674660.9516920437,495722.2192904435,1002347.4210535957,732454.3269387636
2025-04-25T13:50:00.000+0000,789188.6095963647,648126.7686010208,1006510.6279641103,674965.3652162437,495722.2192904435,1002000.5555781481,732454.3269387636
2025-04-25T14:00:00.000+0000,788459.0026292608,648755.5113640927,1009029.8345258548,673958.9506425236,495722.2192904435,1002315.8702344602,280534.8258387636
2025-04-25T14:10:00.000+0000,788380.8802372128,648755.5113640927,1014946.5492512907,673044.0563439635,495722.2192904435,1004549.3851909713,280534.8258387636
2025-04-25T14:20:00.000+0000,788800.5510917248,648755.5113640927,1010926.4088382613,673291.1711438436,495722.2192904435,1000001.5717946196,280534.8258387636
2025-04-25T14:30:00.000+0000,789705.3998731332,664674.9966592289,1010661.2169480323,674523.9686562121,525839.5964181881,999886.3339786837,280534.8258387636
2025-04-25T14:40:00.000+0000,789885.1186330131,666100.4362145731,1014693.3149329923,671591.403816428,525839.5964181881,1002268.6537669474,280534.8258387636
2025-04-25T14:50:00.000+0000,790645.064169829,666100.4362145731,1020031.2443007345,671007.508186924,525839.5964181881,1005036.2912042914,280534.8258387636
2025-04-25T15:00:00.000+0000,790595.0633724929,676857.9104149168,1019413.4689759333,671878.2639945478,556675.4963374758,1005185.4787786759,280534.8258387636
2025-04-25T15:10:00.000+0000,790206.1550082848,678997.7342252848,1018031.083449892,671688.5893557479,561700.822217988,1003831.0584924276,280534.8258387636
2025-04-25T15:20:00.000+0000,790173.0057489247,689786.2517710687,1019584.8077609097,671800.1652435717,581992.8334017559,1004700.2537195156,280534.8258387636
2025-04-25T15:30:00.000+0000,790783.2391313566,689786.2517710687,1015199.8181944576,671761.876359204,581992.8334017559,999971.6614020916,280534.8258387636
2025-04-25T15:40:00.000+0000,790841.5240760683,705696.6121619724,1015359.9469166229,673425.050364716,592200.1488215078,999989.5734509798,280534.8258387636
2025-04-25T15:50:00.000+0000,790823.9533239243,708470.2159823884,1015535.3238155127,673103.524101668,592428.969218628,1000308.9661922127,280534.8258387636
2025-04-25T16:00:00.000+0000,790388.3237865805,708470.2159823884,1013360.8386626977,673169.7604301801,592428.969218628,999127.5162489,280534.8258387636
2025-04-25T16:10:00.000+0000,790882.1290460842,711997.3509752203,1009469.690818626,674689.6109163081,597786.4425084682,996784.5531001159,280534.8258387636
2025-04-25T16:20:00.000+0000,790170.9730563804,712210.5151073803,1009409.3749459763,674056.8338232843,597786.4425084682,996473.7210248674,280954.0827347074
2025-04-25T16:30:00.000+0000,790170.8285420843,712210.5151073803,1011662.8971019944,673874.2923134122,597786.4425084682,999405.719847827,285532.24458285945
2025-04-25T16:40:00.000+0000,790780.6939691163,712210.5151073803,1014323.3596118777,673162.4656706603,597786.4425084682,1001299.7443950432,285532.24458285945
2025-04-25T16:50:00.000+0000,790642.6655102924,712210.5151073803,1013468.2625112121,673920.3419042442,597786.4425084682,1001416.1594284512,289185.8945127076
2025-04-25T17:00:00.000+0000,790196.5739992283,712210.5151073803,1015060.6435218747,673231.2237601482,597786.4425084682,1001785.1352914274,289185.8945127076
2025-04-25T17:10:00.000+0000,790213.2434929564,712210.5151073803,1016262.7427244561,673261.3526777163,597786.4425084682,1001915.8421022589,289185.8945127076
2025-04-25T17:20:00.000+0000,790767.0897012441,716216.3273218361,1016684.9456778537,673539.0095543722,602926.4770385881,1002476.4938017959,289185.8945127076
2025-04-25T17:30:00.000+0000,790806.486778348,716216.3273218361,1010033.8382574137,675588.0824436042,602926.4770385881,997357.526194643,289185.8945127076
2025-04-25T17:40:00.000+0000,790178.093815212,719596.271881292,1004807.8786066815,676512.3348297002,608086.8015837001,994010.2462425795,289185.8945127076
2025-04-25T17:50:00.000+0000,790274.082482796,673701.2468202516,1005209.5539089208,677953.5895028202,583203.01057794,994198.3023194759,262606.2378248679
2025-04-25T18:00:00.000+0000,790731.9738390036,662843.9333177237,1006529.4583552026,678128.9091678519,613212.389383516,995136.0831341642,255577.31483971587
2025-04-25T18:10:00.000+0000,793361.2664832196,668135.3165819156,1007573.8401122482,677990.9637525401,613212.389383516,995002.6858617719,259774.19788512378
2025-04-25T18:20:00.000+0000,792736.7066611159,668135.3165819156,1009199.0426531328,677697.603188892,613212.389383516,996436.5080056759,259774.19788512378
2025-04-25T18:30:00.000+0000,792414.6901805558,668887.2117841558,1010189.0871974495,677497.184752012,613212.389383516,997321.9361060681,262361.8765647398
2025-04-25T18:40:00.000+0000,792329.0634068196,668887.2117841558,1012079.9802648071,677340.1767789561,613212.389383516,998542.9301487718,263210.14786437183
2025-04-25T18:50:00.000+0000,792338.3946158757,669234.9020292596,1009929.604494706,677658.000756204,613212.389383516,997895.6060826436,266739.59246803547
2025-04-25T19:00:00.000+0000,792133.4770411877,669234.9020292596,1010393.3867061194,677909.8927412761,613212.389383516,998059.6694668503,268347.73872099543
2025-04-25T19:10:00.000+0000,792228.2517806917,669621.9005125957,1009263.0047458613,677937.6777554681,613212.389383516,997924.9276965717,272263.9996038755
2025-04-25T19:20:00.000+0000,792618.8356134518,669621.9005125957,1009235.5856997889,678078.39075494,613212.389383516,995991.2023953875,272263.9996038755
2025-04-25T19:30:00.000+0000,792826.5358901958,669621.9005125957,1008880.3784372548,678128.6104270361,613212.389383516,997220.1816148356,274501.4914872279
2025-04-25T19:40:00.000+0000,792761.8344128198,671554.9139337398,1009373.2291266714,678265.850227292,613212.389383516,996385.1344774035,278676.02686508355
2025-04-25T19:50:00.000+0000,792778.7930550438,671554.9139337398,1010221.9310040405,678114.1262436601,613212.389383516,997269.1625287323,278676.02686508355
2025-04-25T20:00:00.000+0000,792339.3877007716,675492.9998026516,1011191.6460223078,678147.0180591401,633294.6229537401,998050.1860396676,281328.3359789557
2025-04-25T20:10:00.000+0000,792514.9068630196,675492.9998026516,1010378.8666783607,678311.7215408601,633294.6229537401,996865.8613979553,282206.4172714995
2025-04-25T20:20:00.000+0000,792713.0721238833,682442.9726728114,1009955.9482159036,678444.8085859801,633294.6229537401,996017.2160977637,286598.99699421955
2025-04-25T20:30:00.000+0000,792785.6806205794,682442.9726728114,1010527.917026538,678556.6145695801,633294.6229537401,996790.2130550838,286598.99699421955
2025-04-25T20:40:00.000+0000,793058.2195548671,698063.2133952748,1009848.6878252223,678348.1094572201,633294.6229537401,995823.8152223394,298694.51387338754
2025-04-25T20:50:00.000+0000,792942.7077283153,700203.6916416752,1011594.8481819888,678433.4492807001,633294.6229537401,996963.3547808032,300035.7430309873
2025-04-25T21:00:00.000+0000,793040.070455772,709419.1932577399,1010836.0071085552,678367.8973642201,633294.6229537401,996249.3264208353,306249.1485168352
2025-04-25T21:10:00.000+0000,793265.1652157878,714917.6683058599,1011168.7970902283,678373.69492246,633294.6229537401,996944.6021848909,310109.2152310431
2025-04-25T21:20:00.000+0000,793444.0363543078,717172.6525940838,1008643.5016630266,678669.85280646,633294.6229537401,995345.6438756909,311534.43350355513
2025-04-25T21:30:00.000+0000,792805.2006320679,717172.6525940838,1008747.2931166841,678804.9427979401,633294.6229537401,995367.4572310355,311534.43350355513
2025-04-25T21:40:00.000+0000,792943.9206272198,714898.5668656039,1005751.8396807876,679083.53139862,613445.3291537401,994771.3343111952,312122.1218464591
2025-04-25T21:50:00.000+0000,792945.399449572,714898.5668656039,1004547.1148892968,679322.52420254,613445.3291537401,993637.6144132748,312546.2358835792
2025-04-25T22:00:00.000+0000,793320.181004276,717380.691576004,1006674.4426962024,678971.20483306,613445.3291537401,994816.884192115,314113.1733299792
2025-04-25T22:10:00.000+0000,793321.4644426283,709854.5247360042,1006892.9284303543,678050.735592236,553885.48294374,995530.1772408029,314113.1733299792
2025-04-25T22:20:00.000+0000,793361.2709319402,709854.5247360042,1007656.9447223917,677707.315598196,553885.48294374,995955.5037471713,314113.1733299792
2025-04-25T22:30:00.000+0000,792776.0241442282,709854.5247360042,1008598.8889497828,676586.7611095159,553885.48294374,996895.2992987793,314640.7433760271
2025-04-25T22:40:00.000+0000,792679.17824298,710610.3169381481,1010057.494829165,675985.0696380839,553885.48294374,997561.1107531548,319799.7793827951
2025-04-25T22:50:00.000+0000,792867.8787217321,710610.3169381481,1009098.559304476,675713.873538668,553885.48294374,997141.248481899,319799.7793827951
2025-04-25T23:00:00.000+0000,792713.125183684,710610.3169381481,1008226.6093845342,675425.8375419559,553885.48294374,996799.0676357469,319799.7793827951
2025-04-25T23:10:00.000+0000,792190.3661257642,712251.0700847082,1008331.2305451366,674905.9561800361,553885.48294374,997183.671556267,320836.9573760751
2025-04-25T23:20:00.000+0000,791595.8180650282,720622.1182843882,1006600.2256597648,676008.1396273159,553885.48294374,996241.8337098027,327427.22268268286
2025-04-25T23:30:00.000+0000,791743.0600970921,720622.1182843882,1005705.1848700636,676433.26382566,553885.48294374,996188.7600826989,327427.22268268286
2025-04-25T23:40:00.000+0000,791299.8078627882,720622.1182843882,1006175.7979517572,676664.548439828,553885.48294374,996670.9853336272,327427.22268268286
2025-04-25T23:50:00.000+0000,791169.9675781803,720622.1182843882,1005621.0346195649,676779.01905002,553885.48294374,997065.0972316749,329908.7015701547
2025-04-26T00:00:00.000+0000,791775.7570985485,738088.5639403885,1006531.9277883372,674849.8129905481,553885.48294374,996816.7743590267,329908.7015701547
2025-04-26T00:10:00.000+0000,791557.2823782604,740555.9162781484,1007923.6765355999,673035.019677596,573413.58835142,997519.7140070669,329908.7015701547
2025-04-26T00:20:00.000+0000,791406.6586337325,740555.9162781484,1008470.9565210331,671868.706135468,573413.58835142,996534.1838424428,329908.7015701547
2025-04-26T00:30:00.000+0000,791203.8189753804,740555.9162781484,1007232.4825496986,670818.135364988,573413.58835142,996049.4157873867,329908.7015701547
2025-04-26T00:40:00.000+0000,791230.1962566605,740555.9162781484,1008108.1151897223,669290.94640434,573413.58835142,995278.5439286265,329908.7015701547
2025-04-26T00:50:00.000+0000,791275.2561798604,740555.9162781484,1010522.4634924454,669604.635132436,573413.58835142,996715.1261726827,330299.4407085707
2025-04-26T01:00:00.000+0000,791311.8619917645,740555.9162781484,1008560.9775813598,669982.9316629079,573413.58835142,995752.9578636107,330299.4407085707
2025-04-26T01:10:00.000+0000,791260.3501142606,740555.9162781484,1010482.5807419044,669534.706979748,573413.58835142,995744.0673117465,331084.40523417067
2025-04-26T01:20:00.000+0000,791131.8520550125,740555.9162781484,1013136.4002883425,667535.2813209321,573413.58835142,997288.6080798347,333779.6062470505
2025-04-26T01:30:00.000+0000,791214.8805790124,740599.2068179884,1014276.3679592062,666464.1595943801,573413.58835142,998370.7044896103,340343.2373780583
2025-04-26T01:40:00.000+0000,791352.4033726924,745627.7309778285,1014842.1882012913,667855.0789779719,573413.58835142,998476.1328893623,351319.5583308264
2025-04-26T01:50:00.000+0000,791285.4059535405,745627.7309778285,1014497.0639976151,667024.486254156,573413.58835142,998251.9122295065,351319.5583308264
2025-04-26T02:00:00.000+0000,791327.2683767885,745627.7309778285,1013317.015404692,667506.4079781,573413.58835142,997376.9257091624,351319.5583308264
2025-04-26T02:10:00.000+0000,791359.0227929164,745627.7309778285,1011998.7647588213,667711.64945346,573413.58835142,996505.5856493143,351319.5583308264
2025-04-26T02:20:00.000+0000,791449.5357445806,745627.7309778285,1012639.5740353689,667699.4797170442,573413.58835142,997529.583595074,351319.5583308264
2025-04-26T02:30:00.000+0000,791372.1680682765,745627.7309778285,1012435.7113029927,666967.505515244,573413.58835142,998269.0591310024,353905.9328146346
2025-04-26T02:40:00.000+0000,791378.1664292684,733161.9659778285,1014095.5832862308,666221.6076621639,474039.77715142,999732.5293474584,356449.5412986343
2025-04-26T02:50:00.000+0000,791364.6423971565,733161.9659778285,1013459.978879082,666609.527567772,474039.77715142,999706.9571216186,357329.3219905707
2025-04-26T03:00:00.000+0000,791133.5083935886,728185.3019778286,1012587.3106680908,664295.939468108,434366.50115142006,999218.8743404669,358100.2347865549
2025-04-26T03:10:00.000+0000,790939.9581177806,728185.3019778286,1012013.5899591034,662852.7559493001,434366.50115142006,999545.9157078993,358100.2347865549
2025-04-26T03:20:00.000+0000,790631.5014806605,728185.3019778286,1008994.7850769821,661392.043245068,434366.50115142006,998195.1672318506,359949.42797757074
2025-04-26T03:30:00.000+0000,790846.7725059567,729058.0326343087,1009467.3984823186,663944.3380644361,441323.37159910006,998007.3591586027,359949.42797757074
2025-04-26T03:40:00.000+0000,790975.1521400207,729058.0326343087,1009602.6634204488,664401.0645007481,441323.37159910006,997933.1012824667,360344.1431026507
2025-04-26T03:50:00.000+0000,791067.7270807727,729058.0326343087,1008845.2226004775,665420.418534612,441323.37159910006,997908.8432844025,360344.1431026507
2025-04-26T04:00:00.000+0000,791265.5143242927,729058.0326343087,1009346.2171442397,667561.725547468,441323.37159910006,998075.3164692268,361570.2729534187
2025-04-26T04:10:00.000+0000,791428.3699754608,729058.0326343087,1009888.1747548545,668698.498071332,441323.37159910006,997994.2870846351,361960.74782341876
2025-04-26T04:20:00.000+0000,791389.0367272528,729058.0326343087,1008063.3558340378,668610.4743367,441323.37159910006,997064.0209733706,361960.74782341876
2025-04-26T04:30:00.000+0000,791661.2968847407,729058.0326343087,1006441.8708478737,671756.65932354,441323.37159910006,995445.1213300109,361960.74782341876
2025-04-26T04:40:00.000+0000,791537.5712045328,729058.0326343087,1007183.5129212065,670917.6020467881,441323.37159910006,995434.0563690665,361960.74782341876
2025-04-26T04:50:00.000+0000,791653.3461903887,729058.0326343087,1006227.7992776192,672476.5332832839,441323.37159910006,994168.4067694107,364605.54562115454
2025-04-26T05:00:00.000+0000,791707.8686375086,729058.0326343087,1005280.7571997845,672992.6778570281,441323.37159910006,993948.4242862986,367539.8386073147
2025-04-26T05:10:00.000+0000,791797.3131645967,731351.8950751086,1004732.13969806,674047.9077272441,459608.50927710003,994046.5427586746,367539.8386073147
2025-04-26T05:20:00.000+0000,792103.6678046606,731351.8950751086,1004901.4329688392,676291.72686474,459608.50927710003,993460.9315827067,367554.0448632107
2025-04-26T05:30:00.000+0000,792032.8411313647,734233.3752453487,1007025.9584701436,675433.326055204,482579.37227358005,994366.8091804027,367554.0448632107
2025-04-26T05:40:00.000+0000,791841.3246272367,734233.3752453487,1007269.7685445868,673394.9401195641,482579.37227358005,994363.6612107947,368920.7608150506
2025-04-26T05:50:00.000+0000,791750.8077187407,734233.3752453487,1008205.6277370979,672831.1370331561,482579.37227358005,995611.6217230507,370882.09070488246
2025-04-26T06:00:00.000+0000,791516.1176611087,734233.3752453487,1007990.5007063003,670867.4568850361,482579.37227358005,995687.6318762426,374693.5267347865
2025-04-26T06:10:00.000+0000,790908.4339573006,734233.3752453487,1008650.1977240909,665934.532394228,482579.37227358005,995735.6146392985,374693.5267347865
2025-04-26T06:20:00.000+0000,790882.9466035088,738788.5342005487,1008901.5662263734,665651.3399895399,518887.66638238,995453.5162986584,374693.5267347865
2025-04-26T06:30:00.000+0000,790915.5529975086,738788.5342005487,1009500.9253472348,665405.7727406278,518887.66638238,995717.5783298985,374693.5267347865
2025-04-26T06:40:00.000+0000,790770.5183980848,744894.6381063886,1010591.1655026173,663463.8928783159,567559.7672266198,996118.5079993624,375231.74353661033
2025-04-26T06:50:00.000+0000,790783.2674506768,747525.4662587887,1011222.2171963933,663391.9489595318,591179.3901995799,996782.1712436823,377059.79783228243
2025-04-26T07:00:00.000+0000,790904.0377870527,747525.7171579087,1011518.0121512585,664097.9835296519,591179.3901995799,997148.0924923057,384894.8406795619
2025-04-26T07:10:00.000+0000,790946.9553854845,753024.6542860685,1012358.5311697489,664011.2137410599,634695.9020372439,997427.005743058,387548.845685634
2025-04-26T07:20:00.000+0000,790922.1896539326,753024.6542860685,1012698.9887142563,663829.8081816998,634695.9020372439,997610.5118206576,388420.8572678337
2025-04-26T07:30:00.000+0000,790909.8511626285,753024.6542860685,1012075.2242802111,664003.318392396,634695.9020372439,997150.9601563378,389278.2759337138
2025-04-26T07:40:00.000+0000,790822.7771576045,753024.6542860685,1010874.070297997,663793.5963243799,634695.9020372439,996699.5652713701,389278.2759337138
2025-04-26T07:50:00.000+0000,790793.5222702526,753024.6542860685,1009913.0191694673,663652.6798877879,634695.9020372439,995605.821147226,394582.9374068339
2025-04-26T08:00:00.000+0000,790813.3667119885,753024.6542860685,1009658.7230647875,663958.46122686,634695.9020372439,995816.6453927938,394582.9374068339
2025-04-26T08:10:00.000+0000,790784.6484250125,753024.6542860685,1008193.5639151649,664013.3498308199,634695.9020372439,994865.9096303622,395478.42652197013
2025-04-26T08:20:00.000+0000,790900.2417962764,753024.6542860685,1010774.3227344172,664041.301531556,634695.9020372439,995895.5321428659,397320.3195278099
2025-04-26T08:30:00.000+0000,791098.8521108126,753024.6542860685,1014095.5000227818,664276.248713324,634695.9020372439,996404.410224458,402688.97843199404
2025-04-26T08:40:00.000+0000,790921.5663030124,753766.2422407086,1009155.4847888998,664600.4777624118,634695.9020372439,994833.9333318819,405246.898257754
2025-04-26T08:50:00.000+0000,790839.8788029726,751286.9118407086,1008070.8620213536,664566.950442364,615281.9164372439,994066.64904077,405246.898257754
2025-04-26T09:00:00.000+0000,790836.0209217487,751286.9118407086,1006798.9418082084,664695.0688355878,615281.9164372439,993610.0474145298,408441.24983047385
2025-04-26T09:10:00.000+0000,790844.8990135886,753822.7175719086,1008092.1529861649,664481.7293438278,635138.1227540439,993952.676232018,408441.24983047385
2025-04-26T09:20:00.000+0000,790825.6769435566,753822.7175719086,1006927.1523349967,664396.658694836,635138.1227540439,993750.5088054496,408441.24983047385
2025-04-26T09:30:00.000+0000,790651.5178623726,753822.7175719086,1003007.295343423,664723.5658197479,635138.1227540439,992488.3326747939,408441.24983047385
2025-04-26T09:40:00.000+0000,790657.5514516365,758788.1362565486,1002905.6733908132,664930.124590428,635138.1227540439,992277.2589189939,411579.93267383386
2025-04-26T09:50:00.000+0000,790679.1478107165,758788.1362565486,1003650.6408667637,664835.5989714679,635138.1227540439,992548.2374725858,411579.93267383386
2025-04-26T10:00:00.000+0000,790733.3523523646,758788.1362565486,1004111.8077895049,664673.398775516,635138.1227540439,992571.653314914,411579.93267383386
2025-04-26T10:10:00.000+0000,790679.3257495806,743799.4134965485,1004645.815034538,664073.6185207798,517726.6232740437,992640.4122637138,411695.3553217857
2025-04-26T10:20:00.000+0000,790586.9290361325,746097.8220975085,1005289.9343514903,663213.7459396039,535730.9704143238,992611.1355738179,411695.3553217857
2025-04-26T10:30:00.000+0000,790556.7440834285,750123.9382358205,1005530.0739813964,663008.7862886039,567268.9724622038,992646.7629091296,411695.3553217857
2025-04-26T10:40:00.000+0000,790444.3801565405,750123.9382358205,1005936.430878472,661838.29910806,567268.9724622038,993933.7184703698,414788.5846570656
2025-04-26T10:50:00.000+0000,790440.7814677965,750123.9382358205,1004425.3038719748,661973.6813155798,567268.9724622038,993175.7627004657,416806.2139812897
2025-04-26T11:00:00.000+0000,790423.2600761325,750123.9382358205,1003140.2590706429,662288.6887478678,567268.9724622038,992416.5692614896,416806.2139812897
2025-04-26T11:10:00.000+0000,790376.1860754845,750123.9382358205,1002512.7290251945,662479.9443209078,567268.9724622038,992085.5580724577,416806.2139812897
2025-04-26T11:20:00.000+0000,790484.2674511565,750123.9382358205,1000615.4404666766,663447.0575908439,567268.9724622038,991699.0916431379,416806.2139812897
2025-04-26T11:30:00.000+0000,790532.6962670846,750123.9382358205,1000091.4112838518,664187.0230645079,567268.9724622038,990963.9386164339,416806.2139812897
2025-04-26T11:40:00.000+0000,790558.4274456606,750123.9382358205,998096.316755435,665514.7271708118,567268.9724622038,990424.4264517297,416806.2139812897
2025-04-26T11:50:00.000+0000,790533.1717663805,750765.2312906205,997256.6637536613,665715.8455472917,572343.9602214037,989813.2641530258,416806.2139812897
2025-04-26T12:00:00.000+0000,790545.9986466605,750765.2312906205,999169.2745025321,665453.1920283398,572343.9602214037,990345.8881127061,419710.77900885773
2025-04-26T12:10:00.000+0000,790619.3398167485,752218.0536222045,1000741.0705700666,665594.0259210197,572343.9602214037,990771.3586037939,421999.9984070659
2025-04-26T12:20:00.000+0000,790686.0138847885,752218.0536222045,1000407.6312174464,666428.3742679318,572343.9602214037,990904.7564200977,421999.9984070659
2025-04-26T12:30:00.000+0000,790787.1482525164,752537.1082341564,1000987.8564622712,666633.0216489476,574869.3554077076,991084.4005497298,421999.9984070659
2025-04-26T12:40:00.000+0000,790780.9508144363,752537.1082341564,1000258.5142427527,666512.3003233317,574869.3554077076,990781.0440392417,424182.7513666177
2025-04-26T12:50:00.000+0000,790801.6215845805,752537.1082341564,999688.0687110717,666761.5273220997,574869.3554077076,990561.5211381698,424182.7513666177
2025-04-26T13:00:00.000+0000,790766.1170509484,752537.1082341564,1000105.345340695,666338.7760938596,574869.3554077076,990824.5269450658,424182.7513666177
2025-04-26T13:10:00.000+0000,790644.8317768524,752537.1082341564,1000015.626260131,665394.5364403797,574869.3554077076,990979.4673834736,424182.7513666177
2025-04-26T13:20:00.000+0000,790464.7436626925,752537.1082341564,998610.7012338319,664610.2321361796,574869.3554077076,990064.3498636337,424182.7513666177
2025-04-26T13:30:00.000+0000,790533.2273219003,752537.1082341564,997669.1126870008,665471.3745406836,574869.3554077076,989610.4792208576,424182.7513666177
2025-04-26T13:40:00.000+0000,790544.5604981005,752537.1082341564,995794.6914540913,665280.6821467397,574869.3554077076,988476.0156583458,424182.7513666177
2025-04-26T13:50:00.000+0000,790521.4513502205,752537.1082341564,998265.5137173531,665429.1763262836,574869.3554077076,988889.9999357617,425669.76779102563
2025-04-26T14:00:00.000+0000,790552.3203352604,752537.1082341564,998177.7787828562,665372.1615945876,574869.3554077076,988867.8844523137,425669.76779102563
2025-04-26T14:10:00.000+0000,790576.2715789244,752608.9443992124,998190.9719706923,665504.7538858276,574869.3554077076,988833.2801579137,429778.9727650497
2025-04-26T14:20:00.000+0000,790660.5202560204,752608.9443992124,998050.8175604669,665868.8939205637,574870.4913981877,988768.1986248257,429778.9727650497
2025-04-26T14:30:00.000+0000,790632.0268789723,752608.9443992124,1000454.7671738039,665514.0570273555,574870.4913981877,989761.0437428018,429778.9727650497
2025-04-26T14:40:00.000+0000,790684.6382162045,752608.9443992124,1000918.5640162062,665660.8769174038,574870.4913981877,990998.0919918579,435317.24370097
2025-04-26T14:50:00.000+0000,790642.8364443963,752608.9443992124,1000825.0217214121,665598.4478306597,574870.4913981877,991036.466637562,438517.0851682579
2025-04-26T15:00:00.000+0000,790524.9582824283,752608.9443992124,1001347.9541613497,664506.3725603637,574870.4913981877,991639.591771146,440598.0434287701
2025-04-26T15:10:00.000+0000,790612.7334460764,752608.9443992124,1002245.3970483987,664981.0754340116,574870.4913981877,991895.8908677064,442646.7585844179
2025-04-26T15:20:00.000+0000,790621.6895854285,752608.9443992124,1002284.3897071781,664348.5291761719,574870.4913981877,991817.1854224743,446231.0354071863
2025-04-26T15:30:00.000+0000,790573.1757175963,752608.9443992124,1003506.5459670236,663997.0039914757,574870.4913981877,992295.2722368019,448179.538506666
2025-04-26T15:40:00.000+0000,790524.2841221883,755119.9387953724,1003436.8039772996,663530.7354649478,574870.4913981877,991910.831115938,450148.7294026579
2025-04-26T15:50:00.000+0000,790569.8626201963,755119.9387953724,1004763.584892097,663620.0181915797,574870.4913981877,992647.313708138,450148.7294026579
2025-04-26T16:00:00.000+0000,790571.9230705164,755119.9387953724,1002772.0964687802,664080.7516696916,574870.4913981877,991761.1763955699,451478.49951483385
2025-04-26T16:10:00.000+0000,790569.2449247483,752636.3767953723,1003085.0831891376,664008.6518557237,555442.9025981877,991750.0640125939,451478.49951483385
2025-04-26T16:20:00.000+0000,790652.7952606124,752636.3767953723,1004180.5419299583,664210.7217856997,555442.9025981877,992299.7246720023,455472.01828192227
2025-04-26T16:30:00.000+0000,790784.4807179004,755184.6725265724,1003286.1494783908,665167.3981418516,575376.8690570677,991652.4360774742,458000.04585063417
2025-04-26T16:40:00.000+0000,790799.8851045243,755184.6725265724,1001594.9908531525,665803.9053284117,575376.8690570677,990819.1993405623,459542.67297086614
2025-04-26T16:50:00.000+0000,790828.9011830763,755184.6725265724,1003199.9526186974,665684.9286859317,575376.8690570677,992165.4076516504,464866.73694955424
2025-04-26T17:00:00.000+0000,790793.7832399243,755184.6725265724,1003820.5462215836,665382.3777604597,575376.8690570677,992138.6519233701,471049.4433543301
2025-04-26T17:10:00.000+0000,790805.0220416844,755184.6725265724,1003353.1898525406,665421.0506573716,575376.8690570677,992058.8849680261,471049.4433543301
2025-04-26T17:20:00.000+0000,790793.0233946445,753423.0895176524,1003724.2436347568,665308.5212682677,555904.1288570677,992281.7351551377,472954.0798851618
2025-04-26T17:30:00.000+0000,790811.3543381484,753423.0895176524,1004786.1563555999,665044.8751540277,555904.1288570677,992834.9101108576,473900.85799624986
2025-04-26T17:40:00.000+0000,790925.0101407084,753423.0895176524,1004786.1060557453,665938.8477633398,555904.1288570677,992810.5026724417,476326.5243494977
2025-04-26T17:50:00.000+0000,790930.0701294764,753423.0895176524,1004341.6895696698,666082.6658067877,555904.1288570677,992899.8620776818,476326.5243494977
2025-04-26T18:00:00.000+0000,790973.1321922444,753423.0895176524,1003629.9679387894,666461.1661440836,555904.1288570677,992574.8621557857,476326.5243494977
2025-04-26T18:10:00.000+0000,791011.3502133484,753423.0895176524,1003335.5357856196,666548.2729128757,555904.1288570677,992253.2018900259,477245.85315760976
2025-04-26T18:20:00.000+0000,791028.2201665804,753423.0895176524,1003795.9502761685,666664.7580701396,555904.1288570677,992258.8904155616,477245.85315760976
2025-04-26T18:30:00.000+0000,791023.0704096843,753423.0895176524,1004760.6183974382,666622.0278516837,555904.1288570677,992417.3554620257,477245.85315760976
2025-04-26T18:40:00.000+0000,791035.5378277645,753423.0895176524,1004303.8709473948,666780.0823068838,555904.1288570677,992239.1958038658,477245.85315760976
2025-04-26T18:50:00.000+0000,791044.4049483885,753423.0895176524,1002718.8304338997,666815.5627597957,555904.1288570677,991679.7808141698,477245.85315760976
2025-04-26T19:00:00.000+0000,791035.2136273324,753423.0895176524,1002166.2670036384,667005.7628079316,555904.1288570677,991400.5074517378,477245.85315760976
2025-04-26T19:10:00.000+0000,790865.4541928682,731063.9527176522,1001859.123564533,665803.2726987075,380884.4547970676,991402.7264850899,477245.85315760976
2025-04-26T19:20:00.000+0000,790828.9854112521,731063.9527176522,1002996.329163552,665313.5689553637,380884.4547970676,991879.5980124258,477245.85315760976
2025-04-26T19:30:00.000+0000,790763.5209047883,731063.9527176522,1003441.2708499986,664291.8502247715,380884.4547970676,992158.6858633859,479556.1848524579
2025-04-26T19:40:00.000+0000,790719.1406374282,731063.9527176522,1004313.3224182371,664098.5235899077,380884.4547970676,992446.3491584979,480514.06012870587
2025-04-26T19:50:00.000+0000,790928.8116463241,731063.9527176522,1005205.6140525453,665571.6753549237,380884.4547970676,992427.5842624339,480514.06012870587
2025-04-26T20:00:00.000+0000,791167.5401905801,731063.9527176522,1006798.3050088037,667147.7973777796,380884.4547970676,992859.5205567379,480514.06012870587
2025-04-26T20:10:00.000+0000,791077.3281180202,731063.9527176522,1005455.3792349071,666683.7787598837,380884.4547970676,992536.3529578098,480514.06012870587
2025-04-26T20:20:00.000+0000,790978.3826977322,731063.9527176522,1004617.6511332891,666066.4593907796,380884.4547970676,992327.684646114,480514.06012870587
2025-04-26T20:30:00.000+0000,791006.9284228683,731063.9527176522,1004604.5859496954,666062.9568150835,380884.4547970676,992219.800282706,480514.06012870587
2025-04-26T20:40:00.000+0000,791044.9635504042,731063.9527176522,1004745.9793084043,666364.7319017237,380884.4547970676,992399.1184133459,480514.06012870587
2025-04-26T20:50:00.000+0000,790922.9311544842,731063.9527176522,1002716.8976770933,665584.2361382516,380884.4547970676,991632.35423581,480514.06012870587
2025-04-26T21:00:00.000+0000,791065.3056437002,731063.9527176522,1003228.9072105868,666996.6157898837,380884.4547970676,991832.583464178,480514.06012870587
2025-04-26T21:10:00.000+0000,790969.7319039082,731063.9527176522,1004682.9845914589,665573.1069687156,380884.4547970676,992041.9423030099,480514.06012870587
2025-04-26T21:20:00.000+0000,790977.0291414442,731063.9527176522,1004588.5387159091,665390.6138600915,380884.4547970676,991916.112187698,480514.06012870587
2025-04-26T21:30:00.000+0000,791014.1364518282,731063.9527176522,1005124.9720052886,665860.2631298596,380884.4547970676,992279.099185602,480514.06012870587
2025-04-26T21:40:00.000+0000,790842.5804864842,731063.9527176522,1005489.1794677832,664630.9004474278,380884.4547970676,992752.5706651539,480514.06012870587
2025-04-26T21:50:00.000+0000,790879.9754465643,731063.9527176522,1004824.5689059418,665022.7510259796,380884.4547970676,992576.423415778,480514.06012870587
2025-04-26T22:00:00.000+0000,790606.7523200683,731063.9527176522,1005688.2487690612,661768.4830647475,380884.4547970676,992997.4276027699,480514.06012870587
2025-04-26T22:10:00.000+0000,790241.3857073803,731063.9527176522,1008327.986265125,658782.0217466676,380884.4547970676,993939.8176970815,483402.8168530418
2025-04-26T22:20:00.000+0000,789921.7931261482,731063.9527176522,1009392.1850898438,656620.4717511636,380884.4547970676,994363.3074840016,489475.07248917763
2025-04-26T22:30:00.000+0000,789601.2765646923,731063.9527176522,1009361.1019062086,653625.4843394196,380884.4547970676,994679.4413843936,494268.5761759296
2025-04-26T22:40:00.000+0000,789396.9657442123,731063.9527176522,1010017.051024074,652452.9864986916,380884.4547970676,994971.9355017536,494268.5761759296
2025-04-26T22:50:00.000+0000,789375.5476623961,731811.6383102762,1007834.3016085508,652667.4941351876,380884.4547970676,994876.3024994098,503033.48262673785
2025-04-26T23:00:00.000+0000,789473.6153154601,731811.6383102762,1008376.2523080994,653448.3917569156,380884.4547970676,995298.2104628019,503033.48262673785
2025-04-26T23:10:00.000+0000,789413.2828300922,731811.6383102762,1007224.3933840536,652891.1084804836,380884.4547970676,994996.1625545938,503854.0683325779
2025-04-26T23:20:00.000+0000,789236.7698435402,731811.6383102762,1008385.6133356488,651159.5954599556,380884.4547970676,995283.6161076338,503854.0683325779
2025-04-26T23:30:00.000+0000,789135.0756140602,731811.6383102762,1007661.2893206025,650425.0295431876,380884.4547970676,994585.2647959858,503854.0683325779
2025-04-26T23:40:00.000+0000,789361.9267878203,733106.3674876442,1007825.782815581,652095.4824209397,391019.6811342597,994753.7908871697,504712.0447618897
2025-04-26T23:50:00.000+0000,789624.3850830761,733106.3674876442,1008645.7365755539,653972.1395831876,391019.6811342597,994582.4687745936,504712.0447618897
2025-04-27T00:00:00.000+0000,789720.5531370362,737566.5196091642,1008699.5636980357,654359.3124069398,425934.4908231397,994722.8330932336,504712.0447618897
2025-04-27T00:10:00.000+0000,789869.4407515805,750700.0916093485,1012547.5011457766,655038.2307274279,528738.2155363079,995537.3602497936,504712.0447618897
2025-04-27T00:20:00.000+0000,789983.3054568844,750700.0916093485,1014647.3610722928,655099.7885717239,528738.2155363079,996137.3342063376,509996.57630184974
2025-04-27T00:30:00.000+0000,790207.8765161964,750700.0916093485,1015383.3402876001,656087.5139187959,528738.2155363079,996238.3060641782,519397.83052685024
